Date,Treatment,Replicate,Temperature,Tk,Respiration
7/24/2018,ALRU21,1,9.996820476,283.1468205,0.493356068
7/24/2018,ALRU21,1,11.01317619,284.1631762,0.572309721
7/24/2018,ALRU21,1,12.06978571,285.2197857,0.599430224
7/24/2018,ALRU21,1,13.0685,286.2185,0.706967263
7/24/2018,ALRU21,1,14.02302381,287.1730238,0.760923363
7/24/2018,ALRU21,1,15.01505238,288.1650524,0.794329914
7/24/2018,ALRU21,1,16.01585238,289.1658524,0.882962333
7/24/2018,ALRU21,1,17.01791905,290.167919,0.912179871
7/24/2018,ALRU21,1,18.04042857,291.1904286,1.018894825
7/24/2018,ALRU21,1,19.00478095,292.154781,1.155947374
7/24/2018,ALRU21,1,20.03419048,293.1841905,1.289860288
7/24/2018,ALRU21,1,21.006,294.156,1.246917536
7/24/2018,ALRU21,1,22.0205619,295.1705619,1.390405307
7/24/2018,ALRU21,1,23.05575238,296.2057524,1.476327933
7/24/2018,ALRU21,1,24.0015,297.1515,1.563321764
7/24/2018,ALRU21,1,25.00867619,298.1586762,1.701351728
7/24/2018,ALRU21,1,26.02627619,299.1762762,1.850692238
7/24/2018,ALRU21,1,27.05986667,300.2098667,1.91085167
7/24/2018,ALRU21,1,28.01276667,301.1627667,2.096379324
7/24/2018,ALRU21,1,29.0272619,302.1772619,2.255922624
7/24/2018,ALRU21,1,30.0168619,303.1668619,2.379665619
7/24/2018,ALRU21,1,31.00889048,304.1588905,2.569177817
7/24/2018,ALRU21,1,32.0438381,305.1938381,2.745651432
7/24/2018,ALRU21,1,33.02696667,306.1769667,2.869766204
7/24/2018,ALRU21,1,34.03452857,307.1845286,3.064088194
7/24/2018,ALRU21,1,35.01982381,308.1698238,3.206030431
7/24/2018,ALRU21,1,36.02957619,309.1795762,3.381883888
7/24/2018,ALRU21,1,37.03848571,310.1884857,3.576263168
7/24/2018,ALRU21,1,38.01052857,311.1605286,3.728060037
7/24/2018,ALRU21,1,39.04306667,312.1930667,3.950430809
7/24/2018,ALRU21,1,40.04917143,313.1991714,4.107637846
7/30/2018,ALRU21,2,9.997081905,283.1470819,0.261897529
7/30/2018,ALRU21,2,10.98289048,284.1328905,0.324906496
7/30/2018,ALRU21,2,12.0029,285.1529,0.357208011
7/30/2018,ALRU21,2,13.08747619,286.2374762,0.382419574
7/30/2018,ALRU21,2,14.0815,287.2315,0.380838015
7/30/2018,ALRU21,2,15.05532381,288.2053238,0.475555978
7/30/2018,ALRU21,2,16.0097,289.1597,0.521976765
7/30/2018,ALRU21,2,17.01932857,290.1693286,0.551447122
7/30/2018,ALRU21,2,18.02411905,291.174119,0.63791318
7/30/2018,ALRU21,2,19.02321905,292.173219,0.65798235
7/30/2018,ALRU21,2,20.03748571,293.1874857,0.723562795
7/30/2018,ALRU21,2,21.11704762,294.2670476,0.801986494
7/30/2018,ALRU21,2,22.00330952,295.1533095,0.8251721
7/30/2018,ALRU21,2,23.06417143,296.2141714,0.857067155
7/30/2018,ALRU21,2,24.10328571,297.2532857,0.938187519
7/30/2018,ALRU21,2,25.01208571,298.1620857,1.077986913
7/30/2018,ALRU21,2,26.04292381,299.1929238,1.126624621
7/30/2018,ALRU21,2,27.07858095,300.228581,1.18187726
7/30/2018,ALRU21,2,28.00964286,301.1596429,1.243831401
7/30/2018,ALRU21,2,29.02200476,302.1720048,1.387683461
7/30/2018,ALRU21,2,30.09914286,303.2491429,1.473219217
7/30/2018,ALRU21,2,31.09866667,304.2486667,1.560831987
7/30/2018,ALRU21,2,32.09821905,305.248219,1.73714247
7/30/2018,ALRU21,2,33.07535714,306.2253571,1.848088814
7/30/2018,ALRU21,2,34.04848095,307.198481,1.991679929
7/30/2018,ALRU21,2,35.0779,308.2279,2.1638126
7/30/2018,ALRU21,2,36.08582857,309.2358286,2.267775787
7/30/2018,ALRU21,2,37.02826667,310.1782667,2.481511355
7/30/2018,ALRU21,2,38.04969048,311.1996905,2.616688304
7/30/2018,ALRU21,2,39.0008,312.1508,2.785001508
7/30/2018,ALRU21,2,40.0508619,313.2008619,2.966486145
8/17/2018,ALRU21,3,9.967050952,283.117051,0.705909057
8/17/2018,ALRU21,3,10.83810476,283.9881048,0.720045046
8/17/2018,ALRU21,3,12.00371905,285.153719,0.829299414
8/17/2018,ALRU21,3,13.02745238,286.1774524,1.02110266
8/17/2018,ALRU21,3,14.11417143,287.2641714,1.106912536
8/17/2018,ALRU21,3,15.20484762,288.3548476,1.175637681
8/17/2018,ALRU21,3,16.05638571,289.2063857,1.346583181
8/17/2018,ALRU21,3,17.08270952,290.2327095,1.438165964
8/17/2018,ALRU21,3,18.06815238,291.2181524,1.55008719
8/17/2018,ALRU21,3,19.17447619,292.3244762,1.685097439
8/17/2018,ALRU21,3,20.10317143,293.2531714,1.826451131
8/17/2018,ALRU21,3,21.05716667,294.2071667,1.9628471
8/17/2018,ALRU21,3,22.07907143,295.2290714,2.116293374
8/17/2018,ALRU21,3,23.17013333,296.3201333,2.199006503
8/17/2018,ALRU21,3,24.09561429,297.2456143,2.364168046
8/17/2018,ALRU21,3,25.23445238,298.3844524,2.511426678
8/17/2018,ALRU21,3,26.11559524,299.2655952,2.656563323
8/17/2018,ALRU21,3,27.02867143,300.1786714,2.899297269
8/17/2018,ALRU21,3,28.06734286,301.2173429,3.083852239
8/17/2018,ALRU21,3,29.10258095,302.252581,3.243711786
8/17/2018,ALRU21,3,30.14062381,303.2906238,3.466663678
8/17/2018,ALRU21,3,31.11954762,304.2695476,3.701326678
8/17/2018,ALRU21,3,32.09528571,305.2452857,3.896568609
8/17/2018,ALRU21,3,33.04662857,306.1966286,4.153447422
8/17/2018,ALRU21,3,34.0447619,307.1947619,4.333635213
8/17/2018,ALRU21,3,35.03839524,308.1883952,4.549326549
8/17/2018,ALRU21,3,36.02102857,309.1710286,4.79979276
8/17/2018,ALRU21,3,37.11791429,310.2679143,5.074991039
8/17/2018,ALRU21,3,38.07312857,311.2231286,5.246320006
8/17/2018,ALRU21,3,39.04164286,312.1916429,5.43898055
8/17/2018,ALRU21,3,40.0601619,313.2101619,5.648814559
7/24/2018,ALRU31,1,10.00813714,283.1581371,0.134413383
7/24/2018,ALRU31,1,10.99140952,284.1414095,0.21031006
7/24/2018,ALRU31,1,12.03550476,285.1855048,0.203029857
7/24/2018,ALRU31,1,13.05111905,286.201119,0.26741906
7/24/2018,ALRU31,1,14.0757,287.2257,0.215707774
7/24/2018,ALRU31,1,15.04860952,288.1986095,0.231731002
7/24/2018,ALRU31,1,16.04700952,289.1970095,0.305665696
7/24/2018,ALRU31,1,17.096,290.246,0.339740739
7/24/2018,ALRU31,1,18.03723333,291.1872333,0.402489488
7/24/2018,ALRU31,1,19.03749048,292.1874905,0.356020008
7/24/2018,ALRU31,1,20.10171905,293.251719,0.404534645
7/24/2018,ALRU31,1,21.05524762,294.2052476,0.403940509
7/24/2018,ALRU31,1,22.04339524,295.1933952,0.506611531
7/24/2018,ALRU31,1,23.05675714,296.2067571,0.519368819
7/24/2018,ALRU31,1,24.06270952,297.2127095,0.472446449
7/24/2018,ALRU31,1,25.06512381,298.2151238,0.563795852
7/24/2018,ALRU31,1,26.0801619,299.2301619,0.616000931
7/24/2018,ALRU31,1,27.04345714,300.1934571,0.589282923
7/24/2018,ALRU31,1,28.09451429,301.2445143,0.619673478
7/24/2018,ALRU31,1,29.05817143,302.2081714,0.704796647
7/24/2018,ALRU31,1,30.07398095,303.223981,0.783650697
7/24/2018,ALRU31,1,31.07519048,304.2251905,0.860895999
7/24/2018,ALRU31,1,32.07360952,305.2236095,0.941078859
7/24/2018,ALRU31,1,33.07746667,306.2274667,0.971365543
7/24/2018,ALRU31,1,34.08007143,307.2300714,1.091165857
7/24/2018,ALRU31,1,35.08635238,308.2363524,1.159134681
7/24/2018,ALRU31,1,36.0748619,309.2248619,1.272180271
7/24/2018,ALRU31,1,37.09138095,310.241381,1.31707613
7/24/2018,ALRU31,1,38.0977,311.2477,1.449856232
7/24/2018,ALRU31,1,39.13524286,312.2852429,1.462457864
7/24/2018,ALRU31,1,40.09264762,313.2426476,1.590607494
9/29/2018,ALRU31,2,9.943490952,283.093491,0.392781662
9/29/2018,ALRU31,2,10.84379048,283.9937905,0.479386927
9/29/2018,ALRU31,2,11.92487619,285.0748762,0.572544592
9/29/2018,ALRU31,2,13.08775714,286.2377571,0.588769615
9/29/2018,ALRU31,2,14.04985714,287.1998571,0.676280141
9/29/2018,ALRU31,2,15.07017619,288.2201762,0.709932376
9/29/2018,ALRU31,2,16.06747143,289.2174714,0.807247157
9/29/2018,ALRU31,2,17.06812381,290.2181238,0.91659002
9/29/2018,ALRU31,2,18.18903333,291.3390333,0.968887048
9/29/2018,ALRU31,2,19.14218095,292.292181,0.991587773
9/29/2018,ALRU31,2,20.11878095,293.268781,1.124669255
9/29/2018,ALRU31,2,21.1799381,294.3299381,1.238525137
9/29/2018,ALRU31,2,22.21013333,295.3601333,1.181056348
9/29/2018,ALRU31,2,23.1143619,296.2643619,1.391411449
9/29/2018,ALRU31,2,24.07383333,297.2238333,1.450265652
9/29/2018,ALRU31,2,25.1318619,298.2818619,1.565650905
9/29/2018,ALRU31,2,26.17258571,299.3225857,1.646505601
9/29/2018,ALRU31,2,27.12730952,300.2773095,1.759900299
9/29/2018,ALRU31,2,28.09702857,301.2470286,1.904675442
9/29/2018,ALRU31,2,29.06189048,302.2118905,1.9768102
9/29/2018,ALRU31,2,30.06185238,303.2118524,2.127875662
9/29/2018,ALRU31,2,31.17401905,304.324019,2.206301814
9/29/2018,ALRU31,2,32.20239048,305.3523905,2.32033952
9/29/2018,ALRU31,2,33.09536667,306.2453667,2.412588084
9/29/2018,ALRU31,2,34.06515238,307.2151524,2.513913015
9/29/2018,ALRU31,2,35.05624286,308.2062429,2.591286917
9/29/2018,ALRU31,2,36.03584286,309.1858429,2.751298744
9/29/2018,ALRU31,2,37.10888095,310.258881,2.908653855
9/29/2018,ALRU31,2,38.15162857,311.3016286,3.047134556
9/29/2018,ALRU31,2,39.07787143,312.2278714,3.075384701
9/29/2018,ALRU31,2,40.06478095,313.214781,3.206663765
12/4/2018,ALRU31,3,10.22621905,283.376219,0.268635433
12/4/2018,ALRU31,3,11.03308571,284.1830857,0.328872525
12/4/2018,ALRU31,3,12.06785238,285.2178524,0.337442752
12/4/2018,ALRU31,3,13.12061905,286.270619,0.393267503
12/4/2018,ALRU31,3,14.09300952,287.2430095,0.490102563
12/4/2018,ALRU31,3,15.13247619,288.2824762,0.466799224
12/4/2018,ALRU31,3,16.12377619,289.2737762,0.523338173
12/4/2018,ALRU31,3,17.13498571,290.2849857,0.564299817
12/4/2018,ALRU31,3,18.14435238,291.2943524,0.616985436
12/4/2018,ALRU31,3,19.14560476,292.2956048,0.671760584
12/4/2018,ALRU31,3,20.14460952,293.2946095,0.734155418
12/4/2018,ALRU31,3,21.15271429,294.3027143,0.764794998
12/4/2018,ALRU31,3,22.14429524,295.2942952,0.865946667
12/4/2018,ALRU31,3,23.14821429,296.2982143,0.841840625
12/4/2018,ALRU31,3,24.11329048,297.2632905,0.871188557
12/4/2018,ALRU31,3,25.15779048,298.3077905,1.008468788
12/4/2018,ALRU31,3,26.07679048,299.2267905,1.076091501
12/4/2018,ALRU31,3,27.08287143,300.2328714,1.219330255
12/4/2018,ALRU31,3,28.09765238,301.2476524,1.268316369
12/4/2018,ALRU31,3,29.11588571,302.2658857,1.338684889
12/4/2018,ALRU31,3,30.10718095,303.257181,1.476578174
12/4/2018,ALRU31,3,31.09768571,304.2476857,1.54869943
12/4/2018,ALRU31,3,32.10807619,305.2580762,1.670413183
12/4/2018,ALRU31,3,33.10095714,306.2509571,1.750625495
12/4/2018,ALRU31,3,34.09433333,307.2443333,1.830962419
12/4/2018,ALRU31,3,35.11211905,308.262119,1.962384231
12/4/2018,ALRU31,3,36.08252857,309.2325286,2.037410774
12/4/2018,ALRU31,3,37.1100619,310.2600619,2.152246948
12/4/2018,ALRU31,3,38.10041429,311.2504143,2.233162802
12/4/2018,ALRU31,3,39.10080476,312.2508048,2.355097657
12/4/2018,ALRU31,3,40.05838571,313.2083857,2.464763348
7/24/2018,GLSE21,1,10.00258762,283.1525876,0.361546174
7/24/2018,GLSE21,1,10.94960952,284.0996095,0.37866853
7/24/2018,GLSE21,1,12.06562381,285.2156238,0.484603331
7/24/2018,GLSE21,1,13.07951429,286.2295143,0.537158749
7/24/2018,GLSE21,1,14.08330476,287.2333048,0.563750993
7/24/2018,GLSE21,1,15.0463381,288.1963381,0.699572046
7/24/2018,GLSE21,1,16.00138571,289.1513857,0.868169083
7/24/2018,GLSE21,1,16.99098095,290.140981,0.915376078
7/24/2018,GLSE21,1,17.96164286,291.1116429,1.045005059
7/24/2018,GLSE21,1,19.03301905,292.183019,1.215954258
7/24/2018,GLSE21,1,20.00941905,293.159419,1.265699324
7/24/2018,GLSE21,1,21.00621429,294.1562143,1.363870349
7/24/2018,GLSE21,1,22.04818095,295.198181,1.535698799
7/24/2018,GLSE21,1,23.01687143,296.1668714,1.690645942
7/24/2018,GLSE21,1,24.06068571,297.2106857,1.881248131
7/24/2018,GLSE21,1,25.0804381,298.2304381,2.102963506
7/24/2018,GLSE21,1,26.06922857,299.2192286,2.246374487
7/24/2018,GLSE21,1,27.01229524,300.1622952,2.444551423
7/24/2018,GLSE21,1,28.02897143,301.1789714,2.663314444
7/24/2018,GLSE21,1,29.05365238,302.2036524,2.835945064
7/24/2018,GLSE21,1,30.15707619,303.3070762,3.141281596
7/24/2018,GLSE21,1,30.99750952,304.1475095,3.380786272
7/24/2018,GLSE21,1,32.0382381,305.1882381,3.65728859
7/24/2018,GLSE21,1,33.10147619,306.2514762,3.977035809
7/24/2018,GLSE21,1,34.01362857,307.1636286,4.244503285
7/24/2018,GLSE21,1,34.97388095,308.123881,4.518137102
7/24/2018,GLSE21,1,35.95819048,309.1081905,4.820096158
7/24/2018,GLSE21,1,36.97257619,310.1225762,5.109571437
7/24/2018,GLSE21,1,38.02272857,311.1727286,5.519566146
7/24/2018,GLSE21,1,39.0341381,312.1841381,5.830909269
7/24/2018,GLSE21,1,40.01622381,313.1662238,6.158828329
12/2/2018,GLSE21,2,9.956647143,283.1066471,0.220947556
12/2/2018,GLSE21,2,10.75472381,283.9047238,0.192666711
12/2/2018,GLSE21,2,11.91875714,285.0687571,0.22973884
12/2/2018,GLSE21,2,13.12006667,286.2700667,0.335072712
12/2/2018,GLSE21,2,14.11570476,287.2657048,0.333707173
12/2/2018,GLSE21,2,15.08626667,288.2362667,0.326610053
12/2/2018,GLSE21,2,16.12740476,289.2774048,0.464770464
12/2/2018,GLSE21,2,17.17641429,290.3264143,0.429661121
12/2/2018,GLSE21,2,18.10074762,291.2507476,0.435122151
12/2/2018,GLSE21,2,19.07858095,292.228581,0.564008245
12/2/2018,GLSE21,2,20.19580952,293.3458095,0.520635897
12/2/2018,GLSE21,2,21.19581905,294.345819,0.666183256
12/2/2018,GLSE21,2,22.05925714,295.2092571,0.735868176
12/2/2018,GLSE21,2,23.07511429,296.2251143,0.762111655
12/2/2018,GLSE21,2,24.06132381,297.2113238,0.851901205
12/2/2018,GLSE21,2,25.09175714,298.2417571,1.01734926
12/2/2018,GLSE21,2,26.10819524,299.2581952,1.102505755
12/2/2018,GLSE21,2,27.15750476,300.3075048,1.189157068
12/2/2018,GLSE21,2,28.17441429,301.3244143,1.280384622
12/2/2018,GLSE21,2,29.07134286,302.2213429,1.496913557
12/2/2018,GLSE21,2,30.03818571,303.1881857,1.529284063
12/2/2018,GLSE21,2,31.1233,304.2733,1.661786661
12/2/2018,GLSE21,2,32.14577619,305.2957762,1.823724372
12/2/2018,GLSE21,2,33.11268095,306.262681,2.051835008
12/2/2018,GLSE21,2,34.06539524,307.2153952,2.204490428
12/2/2018,GLSE21,2,35.08776667,308.2377667,2.472664309
12/2/2018,GLSE21,2,36.06818095,309.218181,2.708901768
12/2/2018,GLSE21,2,37.1018,310.2518,2.956575743
12/2/2018,GLSE21,2,38.10582857,311.2558286,3.17984612
12/2/2018,GLSE21,2,39.08470476,312.2347048,3.448885119
12/2/2018,GLSE21,2,40.03320476,313.1832048,3.742596462
7/26/2018,GLSE31,1,9.986052381,283.1360524,0.167045809
7/26/2018,GLSE31,1,10.90210476,284.0521048,0.161469382
7/26/2018,GLSE31,1,12.03300952,285.1830095,0.159536451
7/26/2018,GLSE31,1,13.05355238,286.2035524,0.289992101
7/26/2018,GLSE31,1,14.03419048,287.1841905,0.254284911
7/26/2018,GLSE31,1,14.99328095,288.143281,0.279948787
7/26/2018,GLSE31,1,15.99514762,289.1451476,0.292541991
7/26/2018,GLSE31,1,16.99818571,290.1481857,0.429012346
7/26/2018,GLSE31,1,17.99524286,291.1452429,0.362076418
7/26/2018,GLSE31,1,19.07450476,292.2245048,0.599991489
7/26/2018,GLSE31,1,20.11981905,293.269819,0.558873658
7/26/2018,GLSE31,1,21.11010952,294.2601095,0.593539304
7/26/2018,GLSE31,1,22.08584286,295.2358429,0.767017691
7/26/2018,GLSE31,1,23.04764286,296.1976429,0.786397246
7/26/2018,GLSE31,1,24.11092857,297.2609286,0.938936726
7/26/2018,GLSE31,1,25.0298619,298.1798619,1.317707247
7/26/2018,GLSE31,1,26.0479,299.1979,1.618920733
7/26/2018,GLSE31,1,27.15680952,300.3068095,1.518009567
7/26/2018,GLSE31,1,28.00572381,301.1557238,1.511798156
7/26/2018,GLSE31,1,29.07603333,302.2260333,1.668666059
7/26/2018,GLSE31,1,30.0972,303.2472,1.554071829
7/26/2018,GLSE31,1,31.05469048,304.2046905,1.578005269
7/26/2018,GLSE31,1,32.06895714,305.2189571,1.571934647
7/26/2018,GLSE31,1,32.86325714,306.0132571,1.880168054
7/26/2018,GLSE31,1,34.03189524,307.1818952,1.879356103
7/26/2018,GLSE31,1,35.11689048,308.2668905,1.911280867
7/26/2018,GLSE31,1,35.99259524,309.1425952,2.073303949
7/26/2018,GLSE31,1,37.05946667,310.2094667,2.282687443
7/26/2018,GLSE31,1,38.00288095,311.152881,2.415489961
7/26/2018,GLSE31,1,38.99237143,312.1423714,2.641035481
7/26/2018,GLSE31,1,39.97141905,313.121419,2.696734967
7/30/2018,GLSE31,2,10.00159048,283.1515905,0.13524444
7/30/2018,GLSE31,2,10.97891429,284.1289143,0.143026687
7/30/2018,GLSE31,2,11.98752857,285.1375286,0.242857721
7/30/2018,GLSE31,2,13.02178095,286.171781,0.27986301
7/30/2018,GLSE31,2,14.10899524,287.2589952,0.313989122
7/30/2018,GLSE31,2,15.08401905,288.234019,0.271447561
7/30/2018,GLSE31,2,16.03271429,289.1827143,0.450180527
7/30/2018,GLSE31,2,17.0405619,290.1905619,0.434941661
7/30/2018,GLSE31,2,18.04530476,291.1953048,0.48693441
7/30/2018,GLSE31,2,19.05383333,292.2038333,0.560934354
7/30/2018,GLSE31,2,20.03928571,293.1892857,0.560255118
7/30/2018,GLSE31,2,21.04671905,294.196719,0.719416095
7/30/2018,GLSE31,2,22.11103333,295.2610333,0.830242739
7/30/2018,GLSE31,2,23.03144286,296.1814429,0.884024727
7/30/2018,GLSE31,2,24.02391905,297.173919,0.979244297
7/30/2018,GLSE31,2,25.03737619,298.1873762,1.04927422
7/30/2018,GLSE31,2,26.05507143,299.2050714,1.206374114
7/30/2018,GLSE31,2,27.12862857,300.2786286,1.316097451
7/30/2018,GLSE31,2,28.03922381,301.1892238,1.366514468
7/30/2018,GLSE31,2,29.0390619,302.1890619,1.536509327
7/30/2018,GLSE31,2,30.06354286,303.2135429,1.572225939
7/30/2018,GLSE31,2,31.04687619,304.1968762,1.681195638
7/30/2018,GLSE31,2,32.0666381,305.2166381,1.80353067
7/30/2018,GLSE31,2,33.04618571,306.1961857,2.048064778
7/30/2018,GLSE31,2,34.01159048,307.1615905,2.195442339
7/30/2018,GLSE31,2,35.03544762,308.1854476,2.343424563
7/30/2018,GLSE31,2,36.13266667,309.2826667,2.532039287
7/30/2018,GLSE31,2,37.09052381,310.2405238,2.671322271
7/30/2018,GLSE31,2,38.06395714,311.2139571,2.847354783
7/30/2018,GLSE31,2,39.0597619,312.2097619,3.038710788
7/30/2018,GLSE31,2,40.08458571,313.2345857,3.189067253
11/7/2018,GLSE31,3,9.957074286,283.1070743,0.055051055
11/7/2018,GLSE31,3,10.92452381,284.0745238,0.245870019
11/7/2018,GLSE31,3,11.97578571,285.1257857,0.245970966
11/7/2018,GLSE31,3,13.09597143,286.2459714,0.237355935
11/7/2018,GLSE31,3,14.13712857,287.2871286,0.24685013
11/7/2018,GLSE31,3,15.09595238,288.2459524,0.301691499
11/7/2018,GLSE31,3,16.08810476,289.2381048,0.404375841
11/7/2018,GLSE31,3,17.15999524,290.3099952,0.367732238
11/7/2018,GLSE31,3,18.09609524,291.2460952,0.485344653
11/7/2018,GLSE31,3,19.07519048,292.2251905,0.408353739
11/7/2018,GLSE31,3,20.09090476,293.2409048,0.551775206
11/7/2018,GLSE31,3,21.1661381,294.3161381,0.56123038
11/7/2018,GLSE31,3,22.1942381,295.3442381,0.6014863
11/7/2018,GLSE31,3,23.14974286,296.2997429,0.779457796
11/7/2018,GLSE31,3,24.0559,297.2059,0.887062292
11/7/2018,GLSE31,3,25.08538095,298.235381,0.956186377
11/7/2018,GLSE31,3,26.07144286,299.2214429,1.022623313
11/7/2018,GLSE31,3,27.09688571,300.2468857,1.241288223
11/7/2018,GLSE31,3,28.09411429,301.2441143,1.260764528
11/7/2018,GLSE31,3,29.03447143,302.1844714,1.407644946
11/7/2018,GLSE31,3,30.17494762,303.3249476,1.389453158
11/7/2018,GLSE31,3,31.15824286,304.3082429,1.561503472
11/7/2018,GLSE31,3,32.10381429,305.2538143,1.692584271
11/7/2018,GLSE31,3,33.0541619,306.2041619,1.799548533
11/7/2018,GLSE31,3,34.08525238,307.2352524,1.947029698
11/7/2018,GLSE31,3,35.07108095,308.221081,2.134390001
11/7/2018,GLSE31,3,36.15030952,309.3003095,2.26212509
11/7/2018,GLSE31,3,37.11211429,310.2621143,2.320380135
11/7/2018,GLSE31,3,38.08388095,311.233881,2.487908325
11/7/2018,GLSE31,3,39.0728,312.2228,2.58261796
11/7/2018,GLSE31,3,40.05898571,313.2089857,2.804510044
7/26/2018,MOCE21,1,9.98871381,283.1387138,0.261097857
7/26/2018,MOCE21,1,10.9566381,284.1066381,0.219716365
7/26/2018,MOCE21,1,11.9776,285.1276,0.347682304
7/26/2018,MOCE21,1,12.98230476,286.1323048,0.381857644
7/26/2018,MOCE21,1,14.06434762,287.2143476,0.414872951
7/26/2018,MOCE21,1,15.05738571,288.2073857,0.41416007
7/26/2018,MOCE21,1,16.03419524,289.1841952,0.422370353
7/26/2018,MOCE21,1,16.97335714,290.1233571,0.612067472
7/26/2018,MOCE21,1,18.04207143,291.1920714,0.586023551
7/26/2018,MOCE21,1,18.95951429,292.1095143,0.729241678
7/26/2018,MOCE21,1,20.03867143,293.1886714,0.759758006
7/26/2018,MOCE21,1,21.27511429,294.4251143,0.764512345
7/26/2018,MOCE21,1,21.8566619,295.0066619,1.03789523
7/26/2018,MOCE21,1,23.10375714,296.2537571,0.873551475
7/26/2018,MOCE21,1,24.13817619,297.2881762,1.034631206
7/26/2018,MOCE21,1,25.09021905,298.240219,1.049291334
7/26/2018,MOCE21,1,26.03378095,299.183781,1.151780237
7/26/2018,MOCE21,1,27.13497143,300.2849714,1.267968013
7/26/2018,MOCE21,1,28.02213333,301.1721333,1.397254022
7/26/2018,MOCE21,1,29.00501905,302.155019,1.508924157
7/26/2018,MOCE21,1,30.0814381,303.2314381,1.543908644
7/26/2018,MOCE21,1,31.14151905,304.291519,1.737745989
7/26/2018,MOCE21,1,32.01631905,305.166319,1.93966664
7/26/2018,MOCE21,1,33.17967619,306.3296762,1.881790134
7/26/2018,MOCE21,1,33.89787619,307.0478762,1.954104086
7/26/2018,MOCE21,1,35.05237619,308.2023762,2.243937642
7/26/2018,MOCE21,1,35.98920476,309.1392048,2.508941156
7/26/2018,MOCE21,1,37.1022381,310.2522381,2.404224651
7/26/2018,MOCE21,1,38.06590952,311.2159095,2.605845346
1/8/2019,MOCE21,2,9.963091429,283.1130914,0.26666991
1/8/2019,MOCE21,2,10.98804286,284.1380429,0.209249012
1/8/2019,MOCE21,2,12.14048095,285.290481,0.251400815
1/8/2019,MOCE21,2,13.13554286,286.2855429,0.278342276
1/8/2019,MOCE21,2,14.11459048,287.2645905,0.246663065
1/8/2019,MOCE21,2,15.07383333,288.2238333,0.468999873
1/8/2019,MOCE21,2,16.08170952,289.2317095,0.449662432
1/8/2019,MOCE21,2,17.09474286,290.2447429,0.452925692
1/8/2019,MOCE21,2,18.0846,291.2346,0.492852212
1/8/2019,MOCE21,2,19.1643381,292.3143381,0.486053969
1/8/2019,MOCE21,2,20.08201905,293.232019,0.512654925
1/8/2019,MOCE21,2,21.08867619,294.2386762,0.568184907
1/8/2019,MOCE21,2,22.117,295.267,0.675565097
1/8/2019,MOCE21,2,23.09200476,296.2420048,0.688236311
1/8/2019,MOCE21,2,24.09304762,297.2430476,0.782188974
1/8/2019,MOCE21,2,25.08442381,298.2344238,0.69249257
1/8/2019,MOCE21,2,26.09621429,299.2462143,0.909688873
1/8/2019,MOCE21,2,27.1574381,300.3074381,1.083312203
1/8/2019,MOCE21,2,28.14006667,301.2900667,1.060274168
1/8/2019,MOCE21,2,29.13432857,302.2843286,1.209799288
1/8/2019,MOCE21,2,30.08675238,303.2367524,1.30615066
1/8/2019,MOCE21,2,31.0979381,304.2479381,1.430281636
1/8/2019,MOCE21,2,32.08856667,305.2385667,1.552369023
1/8/2019,MOCE21,2,33.07962381,306.2296238,1.619607244
1/8/2019,MOCE21,2,34.05153333,307.2015333,1.710851912
1/8/2019,MOCE21,2,35.02601905,308.176019,1.800265447
1/8/2019,MOCE21,2,36.07229524,309.2222952,2.060998693
1/8/2019,MOCE21,2,37.09607143,310.2460714,1.917159743
1/8/2019,MOCE21,2,38.04345238,311.1934524,2.217377326
1/8/2019,MOCE21,2,39.08064286,312.2306429,2.25814702
1/8/2019,MOCE21,2,40.10840476,313.2584048,2.406508497
1/21/2019,MOCE21,3,10.00186381,283.1518638,0.269110232
1/21/2019,MOCE21,3,10.9714381,284.1214381,0.296054831
1/21/2019,MOCE21,3,12.02520952,285.1752095,0.375679642
1/21/2019,MOCE21,3,13.07921429,286.2292143,0.389250257
1/21/2019,MOCE21,3,14.08900952,287.2390095,0.418133281
1/21/2019,MOCE21,3,15.13668095,288.286681,0.466164576
1/21/2019,MOCE21,3,16.13764286,289.2876429,0.498191644
1/21/2019,MOCE21,3,17.09550476,290.2455048,0.492426574
1/21/2019,MOCE21,3,18.11043333,291.2604333,0.597975134
1/21/2019,MOCE21,3,19.07830952,292.2283095,0.677738889
1/21/2019,MOCE21,3,20.07315238,293.2231524,0.657204572
1/21/2019,MOCE21,3,21.06788095,294.217881,0.782093017
1/21/2019,MOCE21,3,22.0752381,295.2252381,0.809360969
1/21/2019,MOCE21,3,23.13594286,296.2859429,0.869834456
1/21/2019,MOCE21,3,24.16591429,297.3159143,0.930992505
1/21/2019,MOCE21,3,25.13055714,298.2805571,0.989701171
1/21/2019,MOCE21,3,26.07277619,299.2227762,1.176906666
1/21/2019,MOCE21,3,27.08215714,300.2321571,1.272874281
1/21/2019,MOCE21,3,28.06441905,301.214419,1.394195638
1/21/2019,MOCE21,3,29.09910952,302.2491095,1.531328382
1/21/2019,MOCE21,3,30.16404762,303.3140476,1.581891762
1/21/2019,MOCE21,3,31.13739524,304.2873952,1.790684034
1/21/2019,MOCE21,3,32.06552857,305.2155286,1.862595431
1/21/2019,MOCE21,3,33.08741429,306.2374143,2.012631686
1/21/2019,MOCE21,3,34.0493619,307.1993619,2.078237628
1/21/2019,MOCE21,3,35.03618571,308.1861857,2.258805248
1/21/2019,MOCE21,3,36.10232381,309.2523238,2.403437235
1/21/2019,MOCE21,3,37.07174762,310.2217476,2.516168479
1/21/2019,MOCE21,3,38.08305714,311.2330571,2.729411923
1/21/2019,MOCE21,3,39.06234762,312.2123476,2.88523342
1/21/2019,MOCE21,3,40.10647619,313.2564762,2.958828987
7/25/2018,MOCE31,1,9.998470476,283.1484705,0.027453272
7/25/2018,MOCE31,1,11.12903333,284.2790333,0.097959719
7/25/2018,MOCE31,1,12.03398095,285.183981,0.0757313
7/25/2018,MOCE31,1,13.05405714,286.2040571,0.14624827
7/25/2018,MOCE31,1,14.10143333,287.2514333,0.19542329
7/25/2018,MOCE31,1,15.11759524,288.2675952,0.195216504
7/25/2018,MOCE31,1,16.0504,289.2004,0.185632447
7/25/2018,MOCE31,1,17.0451381,290.1951381,0.267103967
7/25/2018,MOCE31,1,18.11655714,291.2665571,0.288934536
7/25/2018,MOCE31,1,19.08720952,292.2372095,0.29866616
7/25/2018,MOCE31,1,20.06011429,293.2101143,0.349573608
7/25/2018,MOCE31,1,21.17019524,294.3201952,0.373699772
7/25/2018,MOCE31,1,22.07306667,295.2230667,0.392855373
7/25/2018,MOCE31,1,23.03761905,296.187619,0.444492409
7/25/2018,MOCE31,1,24.13007143,297.2800714,0.475767198
7/25/2018,MOCE31,1,25.00539524,298.1553952,0.506593095
7/25/2018,MOCE31,1,26.05367619,299.2036762,0.474737825
7/25/2018,MOCE31,1,27.06152857,300.2115286,0.57383403
7/25/2018,MOCE31,1,28.0767381,301.2267381,0.622953586
7/25/2018,MOCE31,1,29.14520952,302.2952095,0.689811982
7/25/2018,MOCE31,1,30.1079,303.2579,0.762440671
7/25/2018,MOCE31,1,31.05983333,304.2098333,0.77479377
7/25/2018,MOCE31,1,32.0901,305.2401,0.899446337
7/25/2018,MOCE31,1,33.08804762,306.2380476,0.965043159
7/25/2018,MOCE31,1,34.0476381,307.1976381,0.990499678
7/25/2018,MOCE31,1,35.08015714,308.2301571,1.084797435
7/25/2018,MOCE31,1,36.08014762,309.2301476,1.136456674
7/25/2018,MOCE31,1,36.98668095,310.136681,1.166947809
7/25/2018,MOCE31,1,38.10150476,311.2515048,1.319003849
7/25/2018,MOCE31,1,39.08767619,312.2376762,1.318162621
7/25/2018,MOCE31,1,40.09126667,313.2412667,1.41703681
1/8/2019,MOCE31,2,9.971331429,283.1213314,0.198400715
1/8/2019,MOCE31,2,10.93937143,284.0893714,0.100604703
1/8/2019,MOCE31,2,11.99804286,285.1480429,0.200374898
1/8/2019,MOCE31,2,13.0316381,286.1816381,0.27226203
1/8/2019,MOCE31,2,14.08248095,287.232481,0.296486002
1/8/2019,MOCE31,2,15.12194762,288.2719476,0.349807925
1/8/2019,MOCE31,2,16.14079524,289.2907952,0.381939964
1/8/2019,MOCE31,2,17.14572857,290.2957286,0.338378858
1/8/2019,MOCE31,2,18.11287619,291.2628762,0.354417883
1/8/2019,MOCE31,2,19.13346667,292.2834667,0.299908254
1/8/2019,MOCE31,2,20.10047143,293.2504714,0.415314627
1/8/2019,MOCE31,2,21.11165714,294.2616571,0.436666206
1/8/2019,MOCE31,2,22.07707619,295.2270762,0.56172166
1/8/2019,MOCE31,2,23.11138571,296.2613857,0.397783287
1/8/2019,MOCE31,2,24.16645238,297.3164524,0.588928252
1/8/2019,MOCE31,2,25.1437381,298.2937381,0.545379119
1/8/2019,MOCE31,2,26.14372381,299.2937238,0.495891648
1/8/2019,MOCE31,2,27.13698571,300.2869857,0.67671236
1/8/2019,MOCE31,2,28.12678571,301.2767857,0.671326905
1/8/2019,MOCE31,2,29.08522381,302.2352238,0.791687349
1/8/2019,MOCE31,2,30.08947143,303.2394714,0.856191822
1/8/2019,MOCE31,2,31.15339048,304.3033905,1.044794068
1/8/2019,MOCE31,2,32.1606381,305.3106381,1.015709645
1/8/2019,MOCE31,2,33.1344619,306.2844619,1.221155286
1/8/2019,MOCE31,2,34.11461905,307.264619,1.25915201
1/8/2019,MOCE31,2,35.1144619,308.2644619,1.36972353
1/8/2019,MOCE31,2,36.11519048,309.2651905,1.369363218
1/8/2019,MOCE31,2,37.16560952,310.3156095,1.674057051
1/8/2019,MOCE31,2,38.14441905,311.294419,1.827139661
1/8/2019,MOCE31,2,39.09504762,312.2450476,1.735627956
1/8/2019,MOCE31,2,40.00480952,313.1548095,2.015131719
4/12/2019,MOCE31,3,9.980669048,283.130669,0.152290761
4/12/2019,MOCE31,3,10.87134762,284.0213476,0.158865288
4/12/2019,MOCE31,3,12.0215619,285.1715619,0.21330475
4/12/2019,MOCE31,3,13.06460952,286.2146095,0.185577664
4/12/2019,MOCE31,3,14.03442857,287.1844286,0.27508875
4/12/2019,MOCE31,3,15.05690476,288.2069048,0.361430602
4/12/2019,MOCE31,3,16.06720952,289.2172095,0.380759806
4/12/2019,MOCE31,3,17.09317143,290.2431714,0.375810381
4/12/2019,MOCE31,3,18.13407619,291.2840762,0.449399294
4/12/2019,MOCE31,3,19.12492857,292.2749286,0.457122161
4/12/2019,MOCE31,3,20.0885619,293.2385619,0.523031818
4/12/2019,MOCE31,3,21.0865381,294.2365381,0.549270257
4/12/2019,MOCE31,3,22.08747619,295.2374762,0.643247296
4/12/2019,MOCE31,3,23.08488095,296.234881,0.651178477
4/12/2019,MOCE31,3,24.08458571,297.2345857,0.745239671
4/12/2019,MOCE31,3,25.11106667,298.2610667,0.652667063
4/12/2019,MOCE31,3,26.12214762,299.2721476,0.808846905
4/12/2019,MOCE31,3,27.0435381,300.1935381,0.863050319
4/12/2019,MOCE31,3,28.09677619,301.2467762,0.92080737
4/12/2019,MOCE31,3,29.0779,302.2279,0.985646942
4/12/2019,MOCE31,3,30.08501905,303.235019,1.06729742
4/12/2019,MOCE31,3,31.09091429,304.2409143,1.189847271
4/12/2019,MOCE31,3,32.08314286,305.2331429,1.282657456
4/12/2019,MOCE31,3,33.0712,306.2212,1.40085179
4/12/2019,MOCE31,3,34.11922857,307.2692286,1.472104741
4/12/2019,MOCE31,3,35.10961429,308.2596143,1.608660387
4/12/2019,MOCE31,3,36.08523333,309.2352333,1.699214573
4/12/2019,MOCE31,3,37.0810381,310.2310381,1.803121042
4/12/2019,MOCE31,3,38.09277619,311.2427762,1.976599738
4/12/2019,MOCE31,3,39.04579524,312.1957952,2.088354686
4/12/2019,MOCE31,3,40.08905238,313.2390524,2.231051263
7/26/2018,ROPS21,1,10.04838095,283.198381,0.39933764
7/26/2018,ROPS21,1,10.85017619,284.0001762,0.353512623
7/26/2018,ROPS21,1,12.01540476,285.1654048,0.545832836
7/26/2018,ROPS21,1,13.07150952,286.2215095,0.560524043
7/26/2018,ROPS21,1,14.07883333,287.2288333,0.573764327
7/26/2018,ROPS21,1,15.02948571,288.1794857,0.644520304
7/26/2018,ROPS21,1,16.00354286,289.1535429,0.728007796
7/26/2018,ROPS21,1,17.01082857,290.1608286,0.88252175
7/26/2018,ROPS21,1,18.00316667,291.1531667,0.976604203
7/26/2018,ROPS21,1,19.11241905,292.262419,1.098831068
7/26/2018,ROPS21,1,20.03246667,293.1824667,1.107434579
7/26/2018,ROPS21,1,21.02826667,294.1782667,1.230105101
7/26/2018,ROPS21,1,22.06252857,295.2125286,1.397862549
7/26/2018,ROPS21,1,23.09234762,296.2423476,1.556084693
7/26/2018,ROPS21,1,24.0788,297.2288,1.57891521
7/26/2018,ROPS21,1,25.07754286,298.2275429,1.743941889
7/26/2018,ROPS21,1,26.16954286,299.3195429,1.961919022
7/26/2018,ROPS21,1,27.01818571,300.1681857,1.966696909
7/26/2018,ROPS21,1,28.03348571,301.1834857,2.059139138
7/26/2018,ROPS21,1,29.07637143,302.2263714,2.289758728
7/26/2018,ROPS21,1,30.05875238,303.2087524,2.297877372
7/26/2018,ROPS21,1,31.07000952,304.2200095,2.502671677
7/26/2018,ROPS21,1,32.0455381,305.1955381,2.714827215
7/26/2018,ROPS21,1,33.02735714,306.1773571,2.911434663
7/26/2018,ROPS21,1,34.02174762,307.1717476,3.113799533
7/26/2018,ROPS21,1,35.0288381,308.1788381,3.343382184
7/26/2018,ROPS21,1,36.10185714,309.2518571,3.476841798
7/26/2018,ROPS21,1,37.06305238,310.2130524,3.688513395
7/26/2018,ROPS21,1,38.06961429,311.2196143,3.884399215
7/26/2018,ROPS21,1,39.08826667,312.2382667,4.072570719
7/26/2018,ROPS21,1,40.05689524,313.2068952,4.289943568
10/9/2018,ROPS21,2,9.99506381,283.1450638,0.384239633
10/9/2018,ROPS21,2,10.91174762,284.0617476,0.454557462
10/9/2018,ROPS21,2,12.06739048,285.2173905,0.389794982
10/9/2018,ROPS21,2,13.16769048,286.3176905,0.433763961
10/9/2018,ROPS21,2,14.09727143,287.2472714,0.568158251
10/9/2018,ROPS21,2,15.09806667,288.2480667,0.63155706
10/9/2018,ROPS21,2,16.1358381,289.2858381,0.738161644
10/9/2018,ROPS21,2,17.12982857,290.2798286,0.69269199
10/9/2018,ROPS21,2,18.05722857,291.2072286,0.802708754
10/9/2018,ROPS21,2,19.02462381,292.1746238,0.894273127
10/9/2018,ROPS21,2,20.11971905,293.269719,0.990489562
10/9/2018,ROPS21,2,21.19933333,294.3493333,1.105961007
10/9/2018,ROPS21,2,22.01627619,295.1662762,1.24923904
10/9/2018,ROPS21,2,23.07629524,296.2262952,1.346251301
10/9/2018,ROPS21,2,24.12370476,297.2737048,1.515804102
10/9/2018,ROPS21,2,25.11511429,298.2651143,1.615308201
10/9/2018,ROPS21,2,26.18025714,299.3302571,1.80301628
10/9/2018,ROPS21,2,27.02072381,300.1707238,1.899646616
10/9/2018,ROPS21,2,28.0660619,301.2160619,2.190742358
10/9/2018,ROPS21,2,29.07639048,302.2263905,2.487365813
10/9/2018,ROPS21,2,30.08991905,303.239919,2.466824437
10/9/2018,ROPS21,2,31.16368571,304.3136857,2.736796198
10/9/2018,ROPS21,2,32.16488095,305.314881,2.827653704
10/9/2018,ROPS21,2,33.12673333,306.2767333,3.043835215
10/9/2018,ROPS21,2,34.09425238,307.2442524,3.278191032
10/9/2018,ROPS21,2,35.09407143,308.2440714,3.394407581
10/9/2018,ROPS21,2,36.00599048,309.1559905,3.535133253
10/9/2018,ROPS21,2,37.02681905,310.176819,3.741653677
10/9/2018,ROPS21,2,37.98690476,311.1369048,3.907195834
10/9/2018,ROPS21,2,39.10222381,312.2522238,4.224440609
10/9/2018,ROPS21,2,40.05351429,313.2035143,4.462385402
10/14/2018,ROPS21,3,9.962343333,283.1123433,0.407018008
10/14/2018,ROPS21,3,10.96129048,284.1112905,0.386343848
10/14/2018,ROPS21,3,11.97970476,285.1297048,0.557417821
10/14/2018,ROPS21,3,13.02377143,286.1737714,0.573541874
10/14/2018,ROPS21,3,14.24532381,287.3953238,0.647985156
10/14/2018,ROPS21,3,15.22121905,288.371219,0.712899014
10/14/2018,ROPS21,3,16.13555714,289.2855571,0.77838669
10/14/2018,ROPS21,3,17.0286,290.1786,0.865536084
10/14/2018,ROPS21,3,17.94888571,291.0988857,0.933568399
10/14/2018,ROPS21,3,19.11763333,292.2676333,0.913876836
10/14/2018,ROPS21,3,20.09975714,293.2497571,1.015931862
10/14/2018,ROPS21,3,21.09118571,294.2411857,1.15386383
10/14/2018,ROPS21,3,22.09756667,295.2475667,1.229490927
10/14/2018,ROPS21,3,23.17990952,296.3299095,1.322111375
10/14/2018,ROPS21,3,24.20264762,297.3526476,1.376267301
10/14/2018,ROPS21,3,25.15998095,298.309981,1.591155562
10/14/2018,ROPS21,3,26.13477143,299.2847714,1.810664944
10/14/2018,ROPS21,3,27.10722857,300.2572286,1.938695587
10/14/2018,ROPS21,3,28.10014762,301.2501476,2.086597106
10/14/2018,ROPS21,3,29.0935619,302.2435619,2.186398949
10/14/2018,ROPS21,3,30.16694286,303.3169429,2.287423806
10/14/2018,ROPS21,3,31.1365619,304.2865619,2.490495765
10/14/2018,ROPS21,3,32.11960952,305.2696095,2.61632656
10/14/2018,ROPS21,3,33.10382381,306.2538238,2.790267673
10/14/2018,ROPS21,3,34.02341905,307.173419,2.924585907
10/14/2018,ROPS21,3,35.02089048,308.1708905,3.063787633
10/14/2018,ROPS21,3,36.13289048,309.2828905,3.225256638
10/14/2018,ROPS21,3,37.1517381,310.3017381,3.455715365
10/14/2018,ROPS21,3,38.0845619,311.2345619,3.5480144
10/14/2018,ROPS21,3,39.07595714,312.2259571,3.728501998
10/14/2018,ROPS21,3,40.05401905,313.204019,3.971319135
7/25/2018,ROPS31,1,9.979012381,283.1290124,0.320785814
7/25/2018,ROPS31,1,11.03990952,284.1899095,0.39450773
7/25/2018,ROPS31,1,12.01664286,285.1666429,0.452192055
7/25/2018,ROPS31,1,13.04828571,286.1982857,0.574807726
7/25/2018,ROPS31,1,14.12987143,287.2798714,0.564125651
7/25/2018,ROPS31,1,15.14511429,288.2951143,0.603151226
7/25/2018,ROPS31,1,16.09474286,289.2447429,0.747957144
7/25/2018,ROPS31,1,17.06521429,290.2152143,0.805690928
7/25/2018,ROPS31,1,18.06921429,291.2192143,0.922901639
7/25/2018,ROPS31,1,19.08759524,292.2375952,0.960791852
7/25/2018,ROPS31,1,20.09066667,293.2406667,1.069944442
7/25/2018,ROPS31,1,21.09242857,294.2424286,1.111455338
7/25/2018,ROPS31,1,22.12691429,295.2769143,1.232165478
7/25/2018,ROPS31,1,23.1306,296.2806,1.418619687
7/25/2018,ROPS31,1,24.12733333,297.2773333,1.535969402
7/25/2018,ROPS31,1,25.12635238,298.2763524,1.726026306
7/25/2018,ROPS31,1,26.12463333,299.2746333,1.886998045
7/25/2018,ROPS31,1,27.13415714,300.2841571,2.049406709
7/25/2018,ROPS31,1,28.13169048,301.2816905,2.277045371
7/25/2018,ROPS31,1,29.10384762,302.2538476,2.474733379
7/25/2018,ROPS31,1,30.08475238,303.2347524,2.483533917
7/25/2018,ROPS31,1,31.12329524,304.2732952,2.670647654
7/25/2018,ROPS31,1,32.14173333,305.2917333,2.853979078
7/25/2018,ROPS31,1,33.09227619,306.2422762,2.995804516
7/25/2018,ROPS31,1,34.09735238,307.2473524,3.165871267
7/25/2018,ROPS31,1,35.08551905,308.235519,3.315108328
7/25/2018,ROPS31,1,36.06625238,309.2162524,3.533360999
7/25/2018,ROPS31,1,37.04951429,310.1995143,3.711166636
7/25/2018,ROPS31,1,38.05983333,311.2098333,3.943811111
7/25/2018,ROPS31,1,39.06335238,312.2133524,4.176317237
7/25/2018,ROPS31,1,40.10642381,313.2564238,4.422621573
7/30/2018,ROPS31,2,9.996168095,283.1461681,0.233567974
7/30/2018,ROPS31,2,11.03712381,284.1871238,0.305725857
7/30/2018,ROPS31,2,12.0411381,285.1911381,0.31712053
7/30/2018,ROPS31,2,13.06345714,286.2134571,0.390709436
7/30/2018,ROPS31,2,14.08292381,287.2329238,0.432902183
7/30/2018,ROPS31,2,15.1370619,288.2870619,0.472856505
7/30/2018,ROPS31,2,16.08654762,289.2365476,0.577968991
7/30/2018,ROPS31,2,17.03990476,290.1899048,0.592570436
7/30/2018,ROPS31,2,18.05960952,291.2096095,0.631707569
7/30/2018,ROPS31,2,19.10085714,292.2508571,0.682341857
7/30/2018,ROPS31,2,20.14072857,293.2907286,0.730145521
7/30/2018,ROPS31,2,21.08444286,294.2344429,0.810863851
7/30/2018,ROPS31,2,22.07902381,295.2290238,0.927083336
7/30/2018,ROPS31,2,23.17495714,296.3249571,0.944877434
7/30/2018,ROPS31,2,24.06834762,297.2183476,1.040752562
7/30/2018,ROPS31,2,25.01201905,298.162019,1.253849453
7/30/2018,ROPS31,2,26.10522381,299.2552238,1.370810233
7/30/2018,ROPS31,2,27.00647143,300.1564714,1.558935713
7/30/2018,ROPS31,2,28.10376667,301.2537667,1.720583136
7/30/2018,ROPS31,2,29.14962857,302.2996286,1.766077463
7/30/2018,ROPS31,2,30.12175238,303.2717524,1.845770613
7/30/2018,ROPS31,2,31.1533619,304.3033619,2.073195574
7/30/2018,ROPS31,2,32.08175238,305.2317524,2.160982318
7/30/2018,ROPS31,2,33.10298095,306.252981,2.250803893
7/30/2018,ROPS31,2,34.09562857,307.2456286,2.344512049
7/30/2018,ROPS31,2,35.07704286,308.2270429,2.532385774
7/30/2018,ROPS31,2,36.1115,309.2615,2.676982023
7/30/2018,ROPS31,2,36.82008571,309.9700857,2.687108188
7/30/2018,ROPS31,2,38.12420476,311.2742048,2.986352712
7/30/2018,ROPS31,2,39.14517619,312.2951762,3.062434378
7/30/2018,ROPS31,2,39.79714762,312.9471476,3.192002443
8/17/2018,ROPS31,3,9.975816667,283.1258167,0.374588816
8/17/2018,ROPS31,3,10.90071429,284.0507143,0.343726061
8/17/2018,ROPS31,3,11.98705714,285.1370571,0.457951328
8/17/2018,ROPS31,3,13.11853333,286.2685333,0.466907498
8/17/2018,ROPS31,3,14.13296667,287.2829667,0.564982783
8/17/2018,ROPS31,3,15.10063333,288.2506333,0.522165154
8/17/2018,ROPS31,3,16.07679524,289.2267952,0.64983995
8/17/2018,ROPS31,3,17.17158571,290.3215857,0.701844321
8/17/2018,ROPS31,3,18.09030476,291.2403048,0.756834355
8/17/2018,ROPS31,3,19.2029,292.3529,0.790735772
8/17/2018,ROPS31,3,20.13524286,293.2852429,0.953709885
8/17/2018,ROPS31,3,21.08152381,294.2315238,1.047612745
8/17/2018,ROPS31,3,22.0647619,295.2147619,1.165875202
8/17/2018,ROPS31,3,23.09577143,296.2457714,1.273386586
8/17/2018,ROPS31,3,24.20448095,297.354481,1.499265523
8/17/2018,ROPS31,3,25.09905714,298.2490571,1.531400303
8/17/2018,ROPS31,3,26.11139524,299.2613952,1.69483626
8/17/2018,ROPS31,3,27.09057143,300.2405714,1.901679118
8/17/2018,ROPS31,3,28.09217143,301.2421714,1.909819913
8/17/2018,ROPS31,3,29.14973333,302.2997333,2.097206494
8/17/2018,ROPS31,3,30.12084762,303.2708476,2.183184955
8/17/2018,ROPS31,3,31.12100952,304.2710095,2.338647968
8/17/2018,ROPS31,3,32.1271381,305.2771381,2.452885636
8/17/2018,ROPS31,3,33.09657619,306.2465762,2.626819561
8/17/2018,ROPS31,3,34.11229048,307.2622905,2.704601576
8/17/2018,ROPS31,3,35.07999524,308.2299952,2.932378918
8/17/2018,ROPS31,3,36.11491429,309.2649143,3.007585854
8/17/2018,ROPS31,3,37.06120476,310.2112048,3.094503437
8/17/2018,ROPS31,3,38.08374762,311.2337476,3.293761904
8/17/2018,ROPS31,3,39.07262381,312.2226238,3.469730774
8/17/2018,ROPS31,3,40.03131429,313.1813143,3.656914941
10/16/2018,ROPS31,4,9.995440952,283.145441,0.186525673
10/16/2018,ROPS31,4,10.83410476,283.9841048,0.278794057
10/16/2018,ROPS31,4,12.0399,285.1899,0.306828339
10/16/2018,ROPS31,4,13.06810952,286.2181095,0.303505767
10/16/2018,ROPS31,4,14.09109048,287.2410905,0.364478639
10/16/2018,ROPS31,4,15.14430476,288.2943048,0.428256197
10/16/2018,ROPS31,4,16.15337619,289.3033762,0.448496585
10/16/2018,ROPS31,4,17.12670476,290.2767048,0.553655085
10/16/2018,ROPS31,4,18.1209619,291.2709619,0.523606793
10/16/2018,ROPS31,4,19.10668571,292.2566857,0.571382351
10/16/2018,ROPS31,4,20.15284286,293.3028429,0.677150182
10/16/2018,ROPS31,4,21.1635,294.3135,0.640516657
10/16/2018,ROPS31,4,22.11809524,295.2680952,0.736202605
10/16/2018,ROPS31,4,23.13206667,296.2820667,0.766231051
10/16/2018,ROPS31,4,24.09716667,297.2471667,0.84682521
10/16/2018,ROPS31,4,25.09826667,298.2482667,0.95956631
10/16/2018,ROPS31,4,26.10694286,299.2569429,1.096371747
10/16/2018,ROPS31,4,27.15168571,300.3016857,1.171038869
10/16/2018,ROPS31,4,28.13575238,301.2857524,1.260145121
10/16/2018,ROPS31,4,29.12155714,302.2715571,1.394196656
10/16/2018,ROPS31,4,30.11911905,303.269119,1.466358003
10/16/2018,ROPS31,4,31.15429048,304.3042905,1.603611087
10/16/2018,ROPS31,4,32.11889048,305.2688905,1.670829495
10/16/2018,ROPS31,4,33.13025714,306.2802571,1.888463929
10/16/2018,ROPS31,4,34.10797143,307.2579714,1.93983025
10/16/2018,ROPS31,4,35.08486667,308.2348667,2.02255413
10/16/2018,ROPS31,4,36.04663333,309.1966333,2.170164306
10/16/2018,ROPS31,4,37.09205238,310.2420524,2.226659537
10/16/2018,ROPS31,4,38.07401429,311.2240143,2.420426548
10/16/2018,ROPS31,4,39.02721429,312.1772143,2.570628964
10/16/2018,ROPS31,4,40.14172857,313.2917286,2.693007433
1/30/2020,ALRU26,1,10.0137271,283.1637271,0.286788532
1/30/2020,ALRU26,1,11.01327742,284.1632774,0.303560716
1/30/2020,ALRU26,1,12.07873226,285.2287323,0.352678953
1/30/2020,ALRU26,1,13.06726774,286.2172677,0.427257611
1/30/2020,ALRU26,1,14.09034839,287.2403484,0.357065767
1/30/2020,ALRU26,1,15.03260323,288.1826032,0.467451308
1/30/2020,ALRU26,1,16.1497871,289.2997871,0.504937483
1/30/2020,ALRU26,1,17.17522258,290.3252226,0.556527285
1/30/2020,ALRU26,1,18.04507742,291.1950774,0.579591055
1/30/2020,ALRU26,1,19.11618065,292.2661807,0.632702316
1/30/2020,ALRU26,1,20.03603548,293.1860355,0.637144046
1/30/2020,ALRU26,1,21.15880645,294.3088065,0.666665077
1/30/2020,ALRU26,1,22.07542903,295.225429,0.711314792
1/30/2020,ALRU26,1,23.15596129,296.3059613,0.839600992
1/30/2020,ALRU26,1,24.06244516,297.2124452,0.903852806
1/30/2020,ALRU26,1,25.07445806,298.2244581,0.910558258
1/30/2020,ALRU26,1,26.06060968,299.2106097,0.987959585
1/30/2020,ALRU26,1,27.14226129,300.2922613,1.034550041
1/30/2020,ALRU26,1,28.07338387,301.2233839,1.148291381
1/30/2020,ALRU26,1,29.06661935,302.2166194,1.300749638
1/30/2020,ALRU26,1,30.0375871,303.1875871,1.352065683
1/30/2020,ALRU26,1,31.18517742,304.3351774,1.37087656
1/30/2020,ALRU26,1,32.03530323,305.1853032,1.521715084
1/30/2020,ALRU26,1,33.08522903,306.235229,1.563934804
1/30/2020,ALRU26,1,34.01144194,307.1614419,1.668802229
1/30/2020,ALRU26,1,35.0071129,308.1571129,1.739496911
1/30/2020,ALRU26,1,36.0138,309.1638,1.893990753
1/30/2020,ALRU26,1,37.036,310.186,2.009047147
1/30/2020,ALRU26,1,38.0197871,311.1697871,2.164450898
1/30/2020,ALRU26,1,39.0756,312.2256,2.235611659
1/30/2020,ALRU26,1,40.04349355,313.1934936,2.376845712
2/14/2020,ALRU26,2,9.998023548,283.1480235,0.175378161
2/14/2020,ALRU26,2,11.00261935,284.1526194,0.184786125
2/14/2020,ALRU26,2,12.03717742,285.1871774,0.300430264
2/14/2020,ALRU26,2,13.03287419,286.1828742,0.328808249
2/14/2020,ALRU26,2,14.09847742,287.2484774,0.292011352
2/14/2020,ALRU26,2,15.07801613,288.2280161,0.304940534
2/14/2020,ALRU26,2,16.12083226,289.2708323,0.322436528
2/14/2020,ALRU26,2,17.0765,290.2265,0.457399855
2/14/2020,ALRU26,2,18.04687419,291.1968742,0.490747372
2/14/2020,ALRU26,2,19.05397419,292.2039742,0.402095404
2/14/2020,ALRU26,2,20.10838065,293.2583807,0.506316838
2/14/2020,ALRU26,2,21.07483226,294.2248323,0.459733894
2/14/2020,ALRU26,2,22.04319677,295.1931968,0.463605588
2/14/2020,ALRU26,2,23.12370323,296.2737032,0.5570671
2/14/2020,ALRU26,2,24.05537097,297.205371,0.58789371
2/14/2020,ALRU26,2,25.09619677,298.2461968,0.644175353
2/14/2020,ALRU26,2,26.03607742,299.1860774,0.665638007
2/14/2020,ALRU26,2,27.06250323,300.2125032,0.786206264
2/14/2020,ALRU26,2,28.12491613,301.2749161,0.843986161
2/14/2020,ALRU26,2,29.02384839,302.1738484,0.885710646
2/14/2020,ALRU26,2,30.01244516,303.1624452,0.962516507
2/14/2020,ALRU26,2,31.02090323,304.1709032,1.075444529
2/14/2020,ALRU26,2,32.00315806,305.1531581,1.16433271
2/14/2020,ALRU26,2,33.00998065,306.1599807,1.315527815
2/14/2020,ALRU26,2,34.08896452,307.2389645,1.414834615
2/14/2020,ALRU26,2,35.06528387,308.2152839,1.489244337
2/14/2020,ALRU26,2,36.01530645,309.1653065,1.572571621
2/14/2020,ALRU26,2,36.99129677,310.1412968,1.656682797
2/14/2020,ALRU26,2,38.09817419,311.2481742,1.777145696
2/14/2020,ALRU26,2,39.0814,312.2314,1.99374852
2/14/2020,ALRU26,2,39.9756871,313.1256871,2.015414102
2/14/2020,ALRU26,3,10.00514806,283.1551481,0.17746457
2/14/2020,ALRU26,3,11.04145161,284.1914516,0.181177587
2/14/2020,ALRU26,3,12.07706774,285.2270677,0.310818596
2/14/2020,ALRU26,3,13.04180968,286.1918097,0.298708091
2/14/2020,ALRU26,3,14.10455161,287.2545516,0.265232608
2/14/2020,ALRU26,3,15.04370323,288.1937032,0.344029235
2/14/2020,ALRU26,3,16.15109355,289.3010936,0.342968347
2/14/2020,ALRU26,3,17.10508387,290.2550839,0.378846652
2/14/2020,ALRU26,3,18.09283871,291.2428387,0.405415278
2/14/2020,ALRU26,3,19.08977097,292.239771,0.417087794
2/14/2020,ALRU26,3,20.10105806,293.2510581,0.483797684
2/14/2020,ALRU26,3,21.09583548,294.2458355,0.482980053
2/14/2020,ALRU26,3,22.0440871,295.1940871,0.461187924
2/14/2020,ALRU26,3,23.03114516,296.1811452,0.551723922
2/14/2020,ALRU26,3,24.14309355,297.2930936,0.595011572
2/14/2020,ALRU26,3,25.10812581,298.2581258,0.74374194
2/14/2020,ALRU26,3,26.08618065,299.2361807,0.678676786
2/14/2020,ALRU26,3,27.10071613,300.2507161,0.747754616
2/14/2020,ALRU26,3,28.0762871,301.2262871,0.848169755
2/14/2020,ALRU26,3,29.12197097,302.271971,0.824833227
2/14/2020,ALRU26,3,30.09562258,303.2456226,1.037473973
2/14/2020,ALRU26,3,31.12446774,304.2744677,1.060150379
2/14/2020,ALRU26,3,32.11355484,305.2635548,1.193878416
2/14/2020,ALRU26,3,33.10542258,306.2554226,1.246492842
2/14/2020,ALRU26,3,34.09279677,307.2427968,1.414526575
2/14/2020,ALRU26,3,35.08976774,308.2397677,1.389852883
2/14/2020,ALRU26,3,36.09803226,309.2480323,1.627696948
2/14/2020,ALRU26,3,37.08344839,310.2334484,1.729435029
2/14/2020,ALRU26,3,38.10753871,311.2575387,1.75301123
2/14/2020,ALRU26,3,39.06149677,312.2114968,1.872155844
2/14/2020,ALRU26,3,40.11639355,313.2663936,1.994490605
12/20/2019,GLSE26,1,10.04704194,283.1970419,0.256382435
12/20/2019,GLSE26,1,11.02749032,284.1774903,0.331774583
12/20/2019,GLSE26,1,12.03363871,285.1836387,0.393901707
12/20/2019,GLSE26,1,13.06430968,286.2143097,0.33467909
12/20/2019,GLSE26,1,14.07911613,287.2291161,0.417371588
12/20/2019,GLSE26,1,15.13248387,288.2824839,0.609914565
12/20/2019,GLSE26,1,16.24244839,289.3924484,0.517909881
12/20/2019,GLSE26,1,17.14143548,290.2914355,0.601665763
12/20/2019,GLSE26,1,18.09155806,291.2415581,0.69873368
12/20/2019,GLSE26,1,19.05960968,292.2096097,0.683189853
12/20/2019,GLSE26,1,20.06720645,293.2172065,0.812061743
12/20/2019,GLSE26,1,21.12272258,294.2727226,0.894190125
12/20/2019,GLSE26,1,22.07456129,295.2245613,1.040319556
12/20/2019,GLSE26,1,23.02215161,296.1721516,1.067973978
12/20/2019,GLSE26,1,24.01814839,297.1681484,1.203848765
12/20/2019,GLSE26,1,25.08206774,298.2320677,1.437056787
12/20/2019,GLSE26,1,26.11610968,299.2661097,1.450151799
12/20/2019,GLSE26,1,27.07578387,300.2257839,1.651557044
12/20/2019,GLSE26,1,28.03950968,301.1895097,1.733410225
12/20/2019,GLSE26,1,29.03172258,302.1817226,2.004057877
12/20/2019,GLSE26,1,30.10567419,303.2556742,2.024368982
12/20/2019,GLSE26,1,31.11076129,304.2607613,2.202762171
12/20/2019,GLSE26,1,32.01013226,305.1601323,2.1968728
12/20/2019,GLSE26,1,33.05545484,306.2054548,2.462858856
12/20/2019,GLSE26,1,34.08967097,307.239671,2.665215446
12/20/2019,GLSE26,1,35.03126774,308.1812677,2.826794914
12/20/2019,GLSE26,1,36.03250323,309.1825032,3.021302318
12/20/2019,GLSE26,1,37.01107097,310.161071,3.232700656
12/20/2019,GLSE26,1,38.05244516,311.2024452,3.431558613
12/20/2019,GLSE26,1,39.00606452,312.1560645,3.615933724
12/20/2019,GLSE26,1,39.9957129,313.1457129,3.737447195
1/30/2020,GLSE26,2,10.00585161,283.1558516,0.171468073
1/30/2020,GLSE26,2,10.98553226,284.1355323,0.219725335
1/30/2020,GLSE26,2,12.07796452,285.2279645,0.349937146
1/30/2020,GLSE26,2,13.05659677,286.2065968,0.295383101
1/30/2020,GLSE26,2,14.06967742,287.2196774,0.367866876
1/30/2020,GLSE26,2,15.11580645,288.2658065,0.401070562
1/30/2020,GLSE26,2,16.05423226,289.2042323,0.504763302
1/30/2020,GLSE26,2,17.13483548,290.2848355,0.476919491
1/30/2020,GLSE26,2,18.16188387,291.3118839,0.561491632
1/30/2020,GLSE26,2,19.0148871,292.1648871,0.642692709
1/30/2020,GLSE26,2,20.0840129,293.2340129,0.677320273
1/30/2020,GLSE26,2,21.1248,294.2748,0.852027439
1/30/2020,GLSE26,2,22.09326129,295.2432613,0.789049572
1/30/2020,GLSE26,2,23.05448387,296.2044839,0.918051698
1/30/2020,GLSE26,2,24.09844839,297.2484484,1.1206196
1/30/2020,GLSE26,2,25.06432258,298.2143226,1.171922977
1/30/2020,GLSE26,2,26.07161935,299.2216194,1.33362804
1/30/2020,GLSE26,2,27.09669032,300.2466903,1.404865863
1/30/2020,GLSE26,2,28.10256129,301.2525613,1.646702648
1/30/2020,GLSE26,2,29.09652581,302.2465258,1.713153196
1/30/2020,GLSE26,2,30.0754871,303.2254871,1.802927607
1/30/2020,GLSE26,2,31.12162903,304.271629,1.90470086
1/30/2020,GLSE26,2,32.0372129,305.1872129,2.01314938
1/30/2020,GLSE26,2,33.12885484,306.2788548,2.093832472
1/30/2020,GLSE26,2,34.11691613,307.2669161,2.331406147
1/30/2020,GLSE26,2,35.01029677,308.1602968,2.39692729
1/30/2020,GLSE26,2,36.0706129,309.2206129,2.618748141
1/30/2020,GLSE26,2,37.04891613,310.1989161,2.905557836
1/30/2020,GLSE26,2,38.04534194,311.1953419,3.106730296
1/30/2020,GLSE26,2,39.03865806,312.1886581,3.25245249
1/30/2020,GLSE26,2,40.06527097,313.215271,3.449604804
2/28/2020,GLSE26,3,10.00042194,283.1504219,0.159260327
2/28/2020,GLSE26,3,11.04156774,284.1915677,0.247546616
2/28/2020,GLSE26,3,12.03746129,285.1874613,0.217572304
2/28/2020,GLSE26,3,13.07506452,286.2250645,0.232735061
2/28/2020,GLSE26,3,14.07559032,287.2255903,0.232799801
2/28/2020,GLSE26,3,15.08509032,288.2350903,0.391201198
2/28/2020,GLSE26,3,16.13630323,289.2863032,0.324662624
2/28/2020,GLSE26,3,17.0059,290.1559,0.417156074
2/28/2020,GLSE26,3,18.07837742,291.2283774,0.396775418
2/28/2020,GLSE26,3,19.07656774,292.2265677,0.399676283
2/28/2020,GLSE26,3,20.07502581,293.2250258,0.573051251
2/28/2020,GLSE26,3,21.12906129,294.2790613,0.60156028
2/28/2020,GLSE26,3,22.04910323,295.1991032,0.615500536
2/28/2020,GLSE26,3,23.04986129,296.1998613,0.743270047
2/28/2020,GLSE26,3,24.0664129,297.2164129,0.80654833
2/28/2020,GLSE26,3,25.09039677,298.2403968,0.875744295
2/28/2020,GLSE26,3,26.07990645,299.2299065,0.962563437
2/28/2020,GLSE26,3,27.07736452,300.2273645,1.065906669
2/28/2020,GLSE26,3,28.10746774,301.2574677,1.220851116
2/28/2020,GLSE26,3,29.03767419,302.1876742,1.301179776
2/28/2020,GLSE26,3,30.08371613,303.2337161,1.575237151
2/28/2020,GLSE26,3,31.04417097,304.194171,1.609135557
2/28/2020,GLSE26,3,32.09599032,305.2459903,1.644943576
2/28/2020,GLSE26,3,33.07518065,306.2251807,1.789770015
2/28/2020,GLSE26,3,34.07335806,307.2233581,2.027708372
2/28/2020,GLSE26,3,35.0686129,308.2186129,2.118318372
2/28/2020,GLSE26,3,36.06032258,309.2103226,2.239961722
2/28/2020,GLSE26,3,37.08871935,310.2387194,2.345707592
2/28/2020,GLSE26,3,38.05719355,311.2071936,2.571710965
2/28/2020,GLSE26,3,39.07399355,312.2239936,2.666849905
2/28/2020,GLSE26,3,40.08943548,313.2394355,2.790018386
11/15/2019,MOCE26,1,9.965459524,283.1154595,0.14132302
11/15/2019,MOCE26,1,10.9790381,284.1290381,0.223827701
11/15/2019,MOCE26,1,12.06109524,285.2110952,0.217279841
11/15/2019,MOCE26,1,13.11317143,286.2631714,0.225584182
11/15/2019,MOCE26,1,14.06001905,287.2100191,0.415890624
11/15/2019,MOCE26,1,15.06232381,288.2123238,0.315711032
11/15/2019,MOCE26,1,16.14780952,289.2978095,0.376654283
11/15/2019,MOCE26,1,17.08952857,290.2395286,0.379193007
11/15/2019,MOCE26,1,18.08481905,291.2348191,0.339903611
11/15/2019,MOCE26,1,19.10195238,292.2519524,0.42875503
11/15/2019,MOCE26,1,20.09528095,293.245281,0.481628884
11/15/2019,MOCE26,1,21.09688095,294.246881,0.554529456
11/15/2019,MOCE26,1,22.11885714,295.2688571,0.468039178
11/15/2019,MOCE26,1,23.11845238,296.2684524,0.763531624
11/15/2019,MOCE26,1,24.08165714,297.2316571,0.577805942
11/15/2019,MOCE26,1,25.07187143,298.2218714,0.64620675
11/15/2019,MOCE26,1,26.1107381,299.2607381,0.675577899
11/15/2019,MOCE26,1,27.08963333,300.2396333,0.823679595
11/15/2019,MOCE26,1,28.07470476,301.2247048,0.99393459
11/15/2019,MOCE26,1,29.01086667,302.1608667,1.137814108
11/15/2019,MOCE26,1,29.96962857,303.1196286,1.193054533
11/15/2019,MOCE26,1,31.07956667,304.2295667,1.109331852
11/15/2019,MOCE26,1,32.01189524,305.1618952,1.297185043
11/15/2019,MOCE26,1,33.00437143,306.1543714,1.979466107
11/15/2019,MOCE26,1,33.92873333,307.0787333,1.632884933
11/15/2019,MOCE26,1,35.1191,308.2691,1.649575221
11/15/2019,MOCE26,1,36.08550476,309.2355048,1.847230553
11/15/2019,MOCE26,1,37.08042381,310.2304238,2.033610936
11/15/2019,MOCE26,1,37.94830476,311.0983048,1.995792938
11/15/2019,MOCE26,1,39.09805714,312.2480571,2.251014273
11/15/2019,MOCE26,1,39.91305714,313.0630571,2.395763229
2/11/2020,MOCE26,2,10.00421387,283.1542139,0.186274199
2/11/2020,MOCE26,2,10.94041613,284.0904161,0.164216513
2/11/2020,MOCE26,2,12.03431613,285.1843161,0.178644513
2/11/2020,MOCE26,2,13.08139355,286.2313936,0.149048262
2/11/2020,MOCE26,2,14.07661935,287.2266194,0.249543106
2/11/2020,MOCE26,2,15.07964839,288.2296484,0.25234543
2/11/2020,MOCE26,2,16.07938387,289.2293839,0.377992755
2/11/2020,MOCE26,2,17.08420323,290.2342032,0.323013104
2/11/2020,MOCE26,2,18.08185806,291.2318581,0.276520783
2/11/2020,MOCE26,2,19.09865806,292.2486581,0.315573817
2/11/2020,MOCE26,2,20.09511613,293.2451161,0.208560172
2/11/2020,MOCE26,2,21.10898387,294.2589839,0.333274757
2/11/2020,MOCE26,2,22.10229677,295.2522968,0.369578529
2/11/2020,MOCE26,2,23.08900323,296.2390032,0.295041017
2/11/2020,MOCE26,2,24.10277419,297.2527742,0.620251028
2/11/2020,MOCE26,2,25.00625484,298.1562548,0.570043918
2/11/2020,MOCE26,2,26.07559032,299.2255903,0.607965735
2/11/2020,MOCE26,2,27.13733871,300.2873387,0.680975449
2/11/2020,MOCE26,2,28.13741935,301.2874194,0.724775448
2/11/2020,MOCE26,2,29.02246129,302.1724613,0.813938316
2/11/2020,MOCE26,2,30.08289032,303.2328903,0.831874949
2/11/2020,MOCE26,2,31.08900968,304.2390097,1.050332143
2/11/2020,MOCE26,2,32.05735484,305.2073548,1.059755811
2/11/2020,MOCE26,2,33.06480323,306.2148032,1.271919176
2/11/2020,MOCE26,2,34.05994516,307.2099452,1.325219143
2/11/2020,MOCE26,2,35.08104839,308.2310484,1.346384064
2/11/2020,MOCE26,2,36.07996452,309.2299645,1.478731714
2/11/2020,MOCE26,2,37.06507097,310.215071,1.566515608
2/11/2020,MOCE26,2,38.07372258,311.2237226,1.7369746
2/11/2020,MOCE26,2,39.05239032,312.2023903,1.950894468
2/11/2020,MOCE26,2,40.04077742,313.1907774,2.071583239
2/20/2020,MOCE26,3,10.02402258,283.1740226,0.142068102
2/20/2020,MOCE26,3,10.9849,284.1349,0.203647359
2/20/2020,MOCE26,3,12.04819032,285.1981903,0.274416173
2/20/2020,MOCE26,3,13.0352129,286.1852129,0.235839266
2/20/2020,MOCE26,3,14.03087742,287.1808774,0.200323932
2/20/2020,MOCE26,3,15.07249677,288.2224968,0.35174718
2/20/2020,MOCE26,3,16.03830645,289.1883065,0.326420211
2/20/2020,MOCE26,3,17.11173226,290.2617323,0.412368861
2/20/2020,MOCE26,3,18.08438387,291.2343839,0.252285619
2/20/2020,MOCE26,3,19.06206774,292.2120677,0.324639485
2/20/2020,MOCE26,3,20.05813871,293.2081387,0.406394079
2/20/2020,MOCE26,3,21.12746129,294.2774613,0.425663134
2/20/2020,MOCE26,3,22.07729355,295.2272936,0.500657562
2/20/2020,MOCE26,3,23.06186452,296.2118645,0.559791516
2/20/2020,MOCE26,3,24.06313226,297.2131323,0.662250077
2/20/2020,MOCE26,3,25.07130323,298.2213032,0.617303227
2/20/2020,MOCE26,3,26.06604839,299.2160484,0.641789718
2/20/2020,MOCE26,3,27.09617097,300.246171,0.798449591
2/20/2020,MOCE26,3,28.05375806,301.2037581,0.87503419
2/20/2020,MOCE26,3,29.01224839,302.1622484,0.993095487
2/20/2020,MOCE26,3,30.05632258,303.2063226,0.98235131
2/20/2020,MOCE26,3,31.00720323,304.1572032,1.184151017
2/20/2020,MOCE26,3,32.06433871,305.2143387,1.109828074
2/20/2020,MOCE26,3,33.08406129,306.2340613,1.245302729
2/20/2020,MOCE26,3,34.06718387,307.2171839,1.2951431
2/20/2020,MOCE26,3,35.03314839,308.1831484,1.510350444
2/20/2020,MOCE26,3,36.03429355,309.1842936,1.648639366
2/20/2020,MOCE26,3,37.10366129,310.2536613,1.742716999
2/20/2020,MOCE26,3,38.08063871,311.2306387,1.888072791
2/20/2020,MOCE26,3,39.07616774,312.2261677,2.04498625
2/20/2020,MOCE26,3,40.05206452,313.2020645,2.158449023
2/20/2020,ROPS26,1,10.00018226,283.1501823,0.287649764
2/20/2020,ROPS26,1,10.96456774,284.1145677,0.3964437
2/20/2020,ROPS26,1,12.07997419,285.2299742,0.381157234
2/20/2020,ROPS26,1,13.0336129,286.1836129,0.362362024
2/20/2020,ROPS26,1,14.08841935,287.2384194,0.494908785
2/20/2020,ROPS26,1,15.07893226,288.2289323,0.562787295
2/20/2020,ROPS26,1,16.08524839,289.2352484,0.588810146
2/20/2020,ROPS26,1,17.06150323,290.2115032,0.700529674
2/20/2020,ROPS26,1,18.09431935,291.2443194,0.724600573
2/20/2020,ROPS26,1,19.14005161,292.2900516,0.846503847
2/20/2020,ROPS26,1,20.09236129,293.2423613,0.79354141
2/20/2020,ROPS26,1,21.14279677,294.2927968,0.874595487
2/20/2020,ROPS26,1,22.05370323,295.2037032,1.113669271
2/20/2020,ROPS26,1,23.09590968,296.2459097,1.293392061
2/20/2020,ROPS26,1,24.11155806,297.2615581,1.268971659
2/20/2020,ROPS26,1,25.09970645,298.2497065,1.477782286
2/20/2020,ROPS26,1,26.08745161,299.2374516,1.555808552
2/20/2020,ROPS26,1,27.02085484,300.1708548,1.711437517
2/20/2020,ROPS26,1,28.18137742,301.3313774,1.629102137
2/20/2020,ROPS26,1,29.10012258,302.2501226,1.82081645
2/20/2020,ROPS26,1,30.04140968,303.1914097,1.954111266
2/20/2020,ROPS26,1,31.02621613,304.1762161,2.170221134
2/20/2020,ROPS26,1,32.06185484,305.2118548,2.219197567
2/20/2020,ROPS26,1,33.06457419,306.2145742,2.49084573
2/20/2020,ROPS26,1,33.95607097,307.106071,2.695592638
2/20/2020,ROPS26,1,35.13690968,308.2869097,2.788351519
2/20/2020,ROPS26,1,36.04432258,309.1943226,2.941700045
2/20/2020,ROPS26,1,37.07195161,310.2219516,3.122703156
2/20/2020,ROPS26,1,38.12113548,311.2711355,3.316532759
2/20/2020,ROPS26,1,39.0991129,312.2491129,3.473196661
2/20/2020,ROPS26,1,40.06315484,313.2131548,3.692679776
